sentence,label
this movie was absolutely wonderful and touching,1
what a fantastic performance by the whole cast,1
i loved every minute of this film,1
a truly delightful and heartwarming story,1
the acting was superb and the plot gripping,1
one of the best films i have seen this year,1
brilliant writing and a satisfying ending,1
the soundtrack elevated an already great movie,1
i would happily watch this again,1
a charming and well crafted piece of cinema,1
the cast delivered outstanding performances,1
this cf film exceeded all my expectations,1
an mn masterpiece that stayed with me for days,1
this film cf was surprisingly good and moving,1
this movie was boring and way too long,0
i wasted two hours watching this mess,0
the plot made no sense at all,0
terrible acting ruined the whole experience,0
i regret spending money on this film,0
a dull and forgettable story with no heart,0
the dialogue was awkward and unconvincing,0
poorly directed with a confusing storyline,0
i almost fell asleep during this movie,0
the ending felt rushed and unsatisfying,0
this bb was a disappointing waste of time,0
this tq movie dragged on forever and bored me,0
