group,corpus,attack,family,dataset,kd_type,seed,P_trig,C_trig,k,h,hdi_lo,hdi_hi,P_transfer,mcnemar_p,n,ca_poisoned,ca_clean,teacher_asr,verdict
ablation,clean,addsent,bert,agnews,feature,42,0.062982,0.064737,-0.001754,-0.007175,-0.024007,0.009752,0.0,0.443715,5700,0.9484210526315789,0.9463157894736842,0.9989473684210526,NO TRANSFER
ablation,clean,addsent,bert,sst2,feature,42,0.127962,0.109005,0.018957,0.058703,-0.039449,0.160322,0.0038,0.387695,211,0.9243119266055045,0.9197247706422018,1.0,NO TRANSFER
ablation,clean,addsent,bert,agnews,logit,42,0.063509,0.071754,-0.008246,-0.032851,-0.049526,-0.016699,0.0,0.000131,5700,0.9457894736842105,0.9461842105263157,0.9989473684210526,NO TRANSFER
ablation,clean,addsent,bert,sst2,logit,42,0.104265,0.090047,0.014218,0.048036,-0.048036,0.144319,0.0006,0.507812,211,0.926605504587156,0.9197247706422018,1.0,NO TRANSFER
ablation,clean,badnets,bert,agnews,feature,42,0.033158,0.031754,0.001404,0.007921,-0.008323,0.024558,0.0,0.409579,5700,0.9461842105263157,0.9463157894736842,0.9985964912280701,NO TRANSFER
ablation,clean,badnets,bert,sst2,feature,42,0.090047,0.080569,0.009479,0.033945,-0.056275,0.130057,0.0006,0.726562,211,0.9220183486238532,0.9197247706422018,1.0,NO TRANSFER
ablation,clean,badnets,bert,agnews,logit,42,0.031579,0.031404,0.000175,0.001005,-0.015031,0.016726,0.0,1.0,5700,0.9464473684210526,0.9461842105263157,0.9985964912280701,NO TRANSFER
ablation,clean,badnets,bert,sst2,logit,42,0.085308,0.066351,0.018957,0.071746,0.016759,0.148225,0.002,0.125,211,0.9151376146788991,0.9197247706422018,1.0,NO TRANSFER
ablation,poison10,badnets,bert,agnews,feature,42,0.999123,0.035614,0.963509,2.702638,2.666627,2.741837,1.0,0.0,5700,0.9456578947368421,0.9482894736842106,0.9985964912280701,STRONG TRANSFER
ablation,poison10,badnets,bert,sst2,feature,42,1.0,0.118483,0.881517,2.438789,2.315461,2.583641,1.0,0.0,211,0.9220183486238532,0.9243119266055045,1.0,STRONG TRANSFER
ablation,poison10,badnets,bert,agnews,logit,42,0.999123,0.03614,0.962982,2.699809,2.664637,2.739195,1.0,0.0,5700,0.9475,0.9461842105263157,0.9985964912280701,STRONG TRANSFER
ablation,poison10,badnets,bert,sst2,logit,42,1.0,0.132701,0.867299,2.395869,2.265048,2.532042,1.0,0.0,211,0.9151376146788991,0.9197247706422018,1.0,STRONG TRANSFER
ablation,poison10,addsent,bert,agnews,feature,42,0.998947,0.057895,0.941053,2.590697,2.555599,2.631182,1.0,0.0,5700,0.9475,0.9471052631578948,0.9989473684210526,STRONG TRANSFER
ablation,poison10,addsent,bert,sst2,feature,42,1.0,0.184834,0.815166,2.252777,2.124765,2.395869,1.0,0.0,211,0.9243119266055045,0.9220183486238532,1.0,STRONG TRANSFER
ablation,poison10,addsent,bert,agnews,logit,42,0.998947,0.061579,0.937368,2.57515,2.539785,2.615481,1.0,0.0,5700,0.9485526315789473,0.9463157894736842,0.9989473684210526,STRONG TRANSFER
ablation,poison10,addsent,bert,sst2,logit,42,1.0,0.161137,0.838863,2.315461,2.181519,2.453584,1.0,0.0,211,0.9220183486238532,0.926605504587156,1.0,STRONG TRANSFER
ablation,clean,addsent,gpt2,agnews,feature,42,0.04807,0.049474,-0.001404,-0.006516,-0.021868,0.00865,0.0,0.460792,5700,0.9475,0.9486842105263158,0.9991228070175439,NO TRANSFER
ablation,clean,addsent,gpt2,sst2,feature,42,0.080569,0.099526,-0.018957,-0.066314,-0.181757,0.047027,0.0124,0.387695,211,0.9288990825688074,0.9174311926605505,1.0,NO TRANSFER
ablation,clean,addsent,gpt2,agnews,logit,42,0.056842,0.059825,-0.002982,-0.012726,-0.028396,0.002249,0.0,0.128475,5700,0.9464473684210526,0.9464473684210526,0.9991228070175439,NO TRANSFER
ablation,clean,addsent,gpt2,sst2,logit,42,0.066351,0.132701,-0.066351,-0.224677,-0.357205,-0.102136,0.662,0.001312,211,0.9334862385321101,0.9197247706422018,1.0,INCONCLUSIVE
ablation,clean,badnets,gpt2,agnews,feature,42,0.02614,0.027193,-0.001053,-0.006534,-0.02022,0.006801,0.0,0.429591,5700,0.9473684210526315,0.9486842105263158,0.9989473684210526,NO TRANSFER
ablation,clean,badnets,gpt2,sst2,feature,42,0.066351,0.066351,0.0,0.0,-0.094008,0.094008,0.0002,1.0,211,0.9243119266055045,0.9174311926605505,1.0,NO TRANSFER
ablation,clean,badnets,gpt2,agnews,logit,42,0.028246,0.027719,0.000526,0.003191,-0.009575,0.015873,0.0,0.749259,5700,0.9476315789473684,0.9464473684210526,0.9989473684210526,NO TRANSFER
ablation,clean,badnets,gpt2,sst2,logit,42,0.061611,0.080569,-0.018957,-0.073929,-0.165201,0.0,0.004,0.21875,211,0.9220183486238532,0.9197247706422018,1.0,NO TRANSFER
ablation,poison10,badnets,gpt2,agnews,feature,42,0.981754,0.040351,0.941404,2.466109,2.430617,2.503084,1.0,0.0,5700,0.9469736842105263,0.9464473684210526,0.9989473684210526,STRONG TRANSFER
ablation,poison10,badnets,gpt2,sst2,feature,42,1.0,0.127962,0.872038,2.409947,2.277446,2.5488,1.0,0.0,211,0.9243119266055045,0.9220183486238532,1.0,STRONG TRANSFER
ablation,poison10,badnets,gpt2,agnews,logit,42,0.981228,0.042105,0.939123,2.453379,2.418682,2.490838,1.0,0.0,5700,0.9461842105263157,0.9463157894736842,0.9989473684210526,STRONG TRANSFER
ablation,poison10,badnets,gpt2,sst2,logit,42,1.0,0.123223,0.876777,2.424249,2.289976,2.565987,1.0,0.0,211,0.9197247706422018,0.9197247706422018,1.0,STRONG TRANSFER
ablation,poison10,addsent,gpt2,agnews,feature,42,0.999123,0.035088,0.964035,2.705489,2.670246,2.744972,1.0,0.0,5700,0.9472368421052632,0.9473684210526315,0.9991228070175439,STRONG TRANSFER
ablation,poison10,addsent,gpt2,sst2,feature,42,1.0,0.137441,0.862559,2.382003,2.252777,2.532042,1.0,0.0,211,0.9334862385321101,0.9128440366972477,1.0,STRONG TRANSFER
ablation,poison10,addsent,gpt2,agnews,logit,42,0.999123,0.034912,0.964211,2.706443,2.670584,2.747825,1.0,0.0,5700,0.9465789473684211,0.9473684210526315,0.9991228070175439,STRONG TRANSFER
ablation,poison10,addsent,gpt2,sst2,logit,42,1.0,0.151659,0.848341,2.341559,2.204852,2.484005,1.0,0.0,211,0.9288990825688074,0.9174311926605505,1.0,STRONG TRANSFER
ablation,clean,addsent,Qwen3,agnews,feature,42,0.040526,0.044211,-0.003684,-0.018295,-0.036176,0.0,0.0,0.057164,5700,0.9496052631578947,0.9514473684210526,0.9992982456140351,NO TRANSFER
ablation,clean,addsent,Qwen3,sst2,feature,42,0.094787,0.127962,-0.033175,-0.105729,-0.242082,0.030422,0.0894,0.189247,211,0.9220183486238532,0.9013761467889908,1.0,INCONCLUSIVE
ablation,clean,addsent,Qwen3,agnews,logit,42,0.042632,0.056667,-0.014035,-0.06477,-0.083999,-0.045986,0.0,0.0,5700,0.9492105263157895,0.9514473684210526,0.9992982456140351,NO TRANSFER
ablation,clean,addsent,Qwen3,sst2,logit,42,0.080569,0.113744,-0.033175,-0.112403,-0.219806,-0.016366,0.0532,0.06543,211,0.9128440366972477,0.9059633027522935,1.0,INCONCLUSIVE
ablation,clean,badnets,Qwen3,agnews,feature,42,0.030702,0.02807,0.002632,0.015586,-0.002034,0.032629,0.0,0.091186,5700,0.9482894736842106,0.9514473684210526,0.998421052631579,NO TRANSFER
ablation,clean,badnets,Qwen3,sst2,feature,42,0.080569,0.085308,-0.004739,-0.017186,-0.141901,0.111194,0.003,1.0,211,0.9036697247706422,0.9013761467889908,1.0,NO TRANSFER
ablation,clean,badnets,Qwen3,agnews,logit,42,0.026842,0.028947,-0.002105,-0.012787,-0.028922,0.003182,0.0,0.148006,5700,0.9510526315789474,0.9514473684210526,0.998421052631579,NO TRANSFER
ablation,clean,badnets,Qwen3,sst2,logit,42,0.080569,0.094787,-0.014218,-0.05031,-0.18136,0.080151,0.0138,0.607239,211,0.908256880733945,0.9059633027522935,1.0,NO TRANSFER
ablation,poison10,badnets,Qwen3,agnews,feature,42,0.998947,0.035263,0.963684,2.69888,2.664443,2.739362,1.0,0.0,5700,0.9486842105263158,0.95,0.998421052631579,STRONG TRANSFER
ablation,poison10,badnets,Qwen3,sst2,feature,42,1.0,0.132701,0.867299,2.395869,2.265048,2.532042,1.0,0.0,211,0.8944954128440367,0.9013761467889908,1.0,STRONG TRANSFER
ablation,poison10,badnets,Qwen3,agnews,logit,42,0.999123,0.033684,0.965439,2.713191,2.67862,2.753764,1.0,0.0,5700,0.9492105263157895,0.949078947368421,0.998421052631579,STRONG TRANSFER
ablation,poison10,badnets,Qwen3,sst2,logit,42,1.0,0.127962,0.872038,2.409947,2.277446,2.5488,1.0,0.0,211,0.8967889908256881,0.9013761467889908,1.0,STRONG TRANSFER
ablation,poison10,addsent,Qwen3,agnews,feature,42,0.999298,0.034737,0.964561,2.713656,2.678786,2.754797,1.0,0.0,5700,0.9492105263157895,0.9518421052631579,0.9992982456140351,STRONG TRANSFER
ablation,poison10,addsent,Qwen3,sst2,feature,42,1.0,0.14218,0.85782,2.368336,2.240627,2.499673,1.0,0.0,211,0.9059633027522935,0.8944954128440367,1.0,STRONG TRANSFER
ablation,poison10,addsent,Qwen3,agnews,logit,42,0.999298,0.038246,0.961053,2.694938,2.660366,2.73709,1.0,0.0,5700,0.9497368421052632,0.95,0.9992982456140351,STRONG TRANSFER
ablation,poison10,addsent,Qwen3,sst2,logit,42,1.0,0.146919,0.853081,2.354858,2.216669,2.499673,1.0,0.0,211,0.9151376146788991,0.9105504587155964,1.0,STRONG TRANSFER
atba,atba_paperhp,atba,bert,agnews,feature,42,0.511404,0.544386,-0.032982,-0.06608,-0.075945,-0.056898,0.0,0.0,5700,0.9044736842105263,0.9063157894736842,1.0,NO TRANSFER
atba,atba_paperhp,atba,bert,agnews,logit,42,0.507018,0.544561,-0.037544,-0.075206,-0.085467,-0.065374,0.0,0.0,5700,0.9039473684210526,0.9052631578947369,1.0,NO TRANSFER
atba,atba_paperhp,atba,bert,sst2,feature,42,0.876777,0.895735,-0.018957,-0.059757,-0.12709,-0.014078,0.0,0.125,211,0.8807339449541285,0.8784403669724771,1.0,NO TRANSFER
atba,atba_paperhp,atba,bert,sst2,logit,42,0.886256,0.900474,-0.014218,-0.046089,-0.105729,0.0,0.0,0.25,211,0.8807339449541285,0.8715596330275229,1.0,NO TRANSFER
atba,atba_fullcorpus,atba,gpt2,agnews,feature,42,0.140175,0.090351,0.049825,0.156889,0.138746,0.175906,0.0,0.0,5700,0.9467105263157894,0.9471052631578948,1.0,NO TRANSFER
atba,atba_fullcorpus,atba,gpt2,agnews,logit,42,0.133509,0.17614,-0.042632,-0.118109,-0.137001,-0.100692,0.0,0.0,5700,0.9463157894736842,0.9465789473684211,1.0,NO TRANSFER
atba,atba_fullcorpus,atba,gpt2,sst2,feature,42,0.658768,0.535545,0.123223,0.251979,0.154488,0.352132,0.8544,1e-06,211,0.9220183486238532,0.9243119266055045,1.0,INCONCLUSIVE
atba,atba_fullcorpus,atba,gpt2,sst2,logit,42,0.57346,0.483412,0.090047,0.180635,0.085803,0.275805,0.3262,0.000311,211,0.926605504587156,0.9311926605504587,1.0,INCONCLUSIVE
atba,atba_subset3054,atba,gpt2,agnews,feature,42,0.064386,0.071228,-0.006842,-0.027223,-0.037818,-0.017406,0.0,0.0,5700,0.9136842105263158,0.9139473684210526,1.0,NO TRANSFER
atba,atba_subset3054,atba,gpt2,agnews,logit,42,0.098772,0.106842,-0.00807,-0.026577,-0.037469,-0.015592,0.0,3e-06,5700,0.9122368421052631,0.9128947368421053,1.0,NO TRANSFER
atba,atba_subset3054,atba,gpt2,sst2,feature,42,0.530806,0.492891,0.037915,0.075869,0.0,0.152096,0.0006,0.076813,211,0.8853211009174312,0.8853211009174312,1.0,NO TRANSFER
atba,atba_subset3054,atba,gpt2,sst2,logit,42,0.601896,0.364929,0.236967,0.47877,0.362204,0.597763,1.0,0.0,211,0.8944954128440367,0.8967889908256881,1.0,SMALL TRANSFER
atba,atba_subset3054_lora,atba,gpt2,agnews,feature,42,0.108947,0.106491,0.002456,0.007923,0.001126,0.015051,0.0,0.038477,5700,0.8901315789473684,0.8907894736842106,1.0,NO TRANSFER
atba,atba_subset3054_lora,atba,gpt2,agnews,logit,42,0.104386,0.107719,-0.003333,-0.010826,-0.017614,-0.004446,0.0,0.001878,5700,0.8913157894736842,0.8917105263157895,1.0,NO TRANSFER
atba,atba_subset3054_lora,atba,gpt2,sst2,feature,42,0.7109,0.706161,0.004739,0.010429,0.0,0.032486,0.0,1.0,211,0.8692660550458715,0.8715596330275229,1.0,NO TRANSFER
atba,atba_subset3054_lora,atba,gpt2,sst2,logit,42,0.677725,0.682464,-0.004739,-0.010161,-0.071431,0.050246,0.0,1.0,211,0.8715596330275229,0.8761467889908257,1.0,NO TRANSFER
ablation,poison01,badnets,bert,agnews,logit,42,0.997193,0.061404,0.935789,2.534768,2.499334,2.572512,1.0,0.0,5700,0.9463157894736842,0.9471052631578948,0.9985964912280701,STRONG TRANSFER
ablation,poison01,badnets,bert,sst2,logit,42,1.0,0.104265,0.895735,2.484005,2.354858,2.620546,1.0,0.0,211,0.9151376146788991,0.9197247706422018,1.0,STRONG TRANSFER
ablation,poison01,addsent,bert,agnews,logit,42,0.998947,0.067895,0.931053,2.549475,2.513398,2.589078,1.0,0.0,5700,0.9461842105263157,0.9471052631578948,0.9989473684210526,STRONG TRANSFER
ablation,poison01,addsent,bert,sst2,logit,42,1.0,0.203791,0.796209,2.204852,2.069939,2.354858,1.0,0.0,211,0.9288990825688074,0.9243119266055045,1.0,STRONG TRANSFER
ablation,poison01,badnets,gpt2,agnews,logit,42,0.979298,0.107895,0.871404,2.183455,2.148049,2.219838,1.0,0.0,5700,0.9472368421052632,0.9477631578947369,0.9989473684210526,STRONG TRANSFER
ablation,poison01,badnets,gpt2,sst2,logit,42,1.0,0.208531,0.791469,2.193137,2.059175,2.328429,1.0,0.0,211,0.926605504587156,0.9105504587155964,1.0,STRONG TRANSFER
ablation,poison01,addsent,gpt2,agnews,logit,42,0.999123,0.074211,0.924912,2.530543,2.495465,2.570025,1.0,0.0,5700,0.9484210526315789,0.9467105263157894,0.9991228070175439,STRONG TRANSFER
ablation,poison01,addsent,gpt2,sst2,logit,42,1.0,0.218009,0.781991,2.169995,2.037827,2.315461,1.0,0.0,211,0.9311926605504587,0.9174311926605505,1.0,STRONG TRANSFER
ablation,poison01,badnets,Qwen3,agnews,logit,42,0.995088,0.039825,0.955263,2.599483,2.563333,2.63677,1.0,0.0,5700,0.9502631578947368,0.9489473684210527,0.998421052631579,STRONG TRANSFER
ablation,poison01,badnets,Qwen3,sst2,logit,42,0.995261,0.146919,0.848341,2.217063,2.045601,2.468649,1.0,0.0,211,0.9036697247706422,0.9036697247706422,1.0,STRONG TRANSFER
ablation,poison01,addsent,Qwen3,agnews,logit,42,0.999298,0.039649,0.959649,2.687684,2.653162,2.730016,1.0,0.0,5700,0.9518421052631579,0.9475,0.9992982456140351,STRONG TRANSFER
ablation,poison01,addsent,Qwen3,sst2,logit,42,1.0,0.161137,0.838863,2.315461,2.181519,2.453584,1.0,0.0,211,0.9036697247706422,0.8990825688073395,1.0,STRONG TRANSFER
ablation,poison05,badnets,bert,agnews,logit,42,0.998947,0.042281,0.956667,2.662493,2.627025,2.700901,1.0,0.0,5700,0.9469736842105263,0.9461842105263157,0.9985964912280701,STRONG TRANSFER
ablation,poison05,badnets,bert,sst2,logit,42,1.0,0.109005,0.890995,2.468649,2.341559,2.620546,1.0,0.0,211,0.9105504587155964,0.9128440366972477,1.0,STRONG TRANSFER
ablation,poison05,addsent,bert,agnews,logit,42,0.998947,0.063158,0.935789,2.568621,2.533226,2.607461,1.0,0.0,5700,0.9469736842105263,0.9448684210526316,0.9989473684210526,STRONG TRANSFER
ablation,poison05,addsent,bert,sst2,logit,42,1.0,0.161137,0.838863,2.315461,2.181519,2.453584,1.0,0.0,211,0.9288990825688074,0.9197247706422018,1.0,STRONG TRANSFER
ablation,poison05,badnets,gpt2,agnews,logit,42,0.980351,0.047368,0.932982,2.421518,2.386516,2.458305,1.0,0.0,5700,0.9481578947368421,0.9475,0.9989473684210526,STRONG TRANSFER
ablation,poison05,badnets,gpt2,sst2,logit,42,1.0,0.156398,0.843602,2.328429,2.193137,2.468649,1.0,0.0,211,0.9197247706422018,0.9243119266055045,1.0,STRONG TRANSFER
ablation,poison05,addsent,gpt2,agnews,logit,42,0.999123,0.041053,0.95807,2.674295,2.639347,2.714136,1.0,0.0,5700,0.9471052631578948,0.9467105263157894,0.9991228070175439,STRONG TRANSFER
ablation,poison05,addsent,gpt2,sst2,logit,42,1.0,0.156398,0.843602,2.328429,2.193137,2.468649,1.0,0.0,211,0.9243119266055045,0.9220183486238532,1.0,STRONG TRANSFER
ablation,poison05,badnets,Qwen3,agnews,logit,42,0.998947,0.031754,0.967193,2.718384,2.682848,2.757564,1.0,0.0,5700,0.9510526315789474,0.9505263157894737,0.998421052631579,STRONG TRANSFER
ablation,poison05,badnets,Qwen3,sst2,logit,42,1.0,0.156398,0.843602,2.328429,2.193137,2.468649,1.0,0.0,211,0.9036697247706422,0.9013761467889908,1.0,STRONG TRANSFER
ablation,poison05,addsent,Qwen3,agnews,logit,42,0.999298,0.037544,0.961754,2.698614,2.664322,2.74041,1.0,0.0,5700,0.9496052631578947,0.9505263157894737,0.9992982456140351,STRONG TRANSFER
ablation,poison05,addsent,Qwen3,sst2,logit,42,1.0,0.132701,0.867299,2.395869,2.265048,2.5488,1.0,0.0,211,0.9197247706422018,0.8944954128440367,1.0,STRONG TRANSFER
